Deployment,Squirrel_EDD
101,5.341732
102,2.958135
103,4.035421
104,3.910318
105,5.138712
201,3.92532
202,3.060593
203,3.619599
204,3.893281
205,3.184706
206,2.608071
301,4.3059
302,2.145277
303,3.515436
304,4.27747
305,4.644279
401,3.192733
402,4.260369
403,3.942361
404,2.738463
405,4.884381
406,2.50482
501,4.996547
502,3.346791
503,3.49558
504,4.482913
505,4.424468
